{
  "global_step": 1000,
  "cycle": 0,
  "last_eid": 11784,
  "instance": {
    "lr_G0": 0.1,
    "lr_G4": 0.1,
    "lr_G1": 0.1,
    "lr_G5": 0.1,
    "lr_G2": 0.1,
    "lr_G6": 0.1,
    "lr_G3": 0.1,
    "lr_G7": 0.1
  },
  "warps_state": {
    "W0": {
      "local": {
        "V": {
          "x": [
            3.000000000000001,
            3.000000000000001
          ],
          "x_try": [
            6.0,
            6.0
          ],
          "score": [
            7.888609052210118e-31,
            7.888609052210118e-31
          ],
          "score_try": [
            999999.0,
            999999.0
          ],
          "g": [
            1.7763568394002505e-15,
            1.7763568394002505e-15
          ]
        },
        "S": {
          "minscore": 999999.0,
          "seed": 0.0
        },
        "MEM": {}
      },
      "nodes": {
        "W0:init": {
          "status": "DONE",
          "result": {
            "value": {
              "result": "OK"
            }
          }
        },
        "W0:step": {
          "status": "DONE",
          "result": {
            "value": {
              "result": "OK"
            }
          }
        },
        "W0:score": {
          "status": "RUNNING",
          "result": null
        }
      },
      "last_score_ts": 1772925589.5289276
    },
    "W1": {
      "local": {
        "V": {
          "x": [
            4.92,
            4.92
          ],
          "x_try": [
            6.0,
            6.0
          ],
          "score": [
            5.760000000000002,
            5.760000000000002
          ],
          "score_try": [
            999999.0,
            999999.0
          ],
          "g": [
            4.800000000000001,
            4.800000000000001
          ]
        },
        "S": {
          "minscore": 999999.0,
          "seed": 0.0
        },
        "MEM": {}
      },
      "nodes": {
        "W1:init": {
          "status": "DONE",
          "result": {
            "value": {
              "result": "OK"
            }
          }
        },
        "W1:step": {
          "status": "DONE",
          "result": {
            "value": {
              "result": "OK"
            }
          }
        },
        "W1:score": {
          "status": "PENDING",
          "result": null
        }
      },
      "last_score_ts": 1772925570.2328756
    },
    "W2": {
      "local": {
        "V": {
          "x": [
            4.536,
            4.536
          ],
          "x_try": [
            6.0,
            6.0
          ],
          "score": [
            3.6864,
            3.6864
          ],
          "score_try": [
            999999.0,
            999999.0
          ],
          "g": [
            3.84,
            3.84
          ]
        },
        "S": {
          "minscore": 999999.0,
          "seed": 0.0
        },
        "MEM": {}
      },
      "nodes": {
        "W2:init": {
          "status": "DONE",
          "result": {
            "value": {
              "result": "OK"
            }
          }
        },
        "W2:step": {
          "status": "DONE",
          "result": {
            "value": {
              "result": "OK"
            }
          }
        },
        "W2:score": {
          "status": "PENDING",
          "result": null
        }
      },
      "last_score_ts": 1772925570.3512695
    },
    "W3": {
      "local": {
        "V": {
          "x": [
            3.000000000000001,
            3.000000000000001
          ],
          "x_try": [
            6.0,
            6.0
          ],
          "score": [
            7.888609052210118e-31,
            7.888609052210118e-31
          ],
          "score_try": [
            999999.0,
            999999.0
          ],
          "g": [
            1.7763568394002505e-15,
            1.7763568394002505e-15
          ]
        },
        "S": {
          "minscore": 999999.0,
          "seed": 0.0
        },
        "MEM": {}
      },
      "nodes": {
        "W3:init": {
          "status": "DONE",
          "result": {
            "value": {
              "result": "OK"
            }
          }
        },
        "W3:step": {
          "status": "DONE",
          "result": {
            "value": {
              "result": "OK"
            }
          }
        },
        "W3:score": {
          "status": "RUNNING",
          "result": null
        }
      },
      "last_score_ts": 1772925589.529085
    }
  },
  "graphs_state": {
    "W0": {
      "local": {
        "V": {
          "x": [
            3.000000000000001,
            3.000000000000001
          ],
          "x_try": [
            6.0,
            6.0
          ],
          "score": [
            7.888609052210118e-31,
            7.888609052210118e-31
          ],
          "score_try": [
            999999.0,
            999999.0
          ],
          "g": [
            1.7763568394002505e-15,
            1.7763568394002505e-15
          ]
        },
        "S": {
          "minscore": 999999.0,
          "seed": 0.0
        },
        "MEM": {}
      },
      "nodes": {
        "W0:init": {
          "status": "DONE",
          "result": {
            "value": {
              "result": "OK"
            }
          }
        },
        "W0:step": {
          "status": "DONE",
          "result": {
            "value": {
              "result": "OK"
            }
          }
        },
        "W0:score": {
          "status": "RUNNING",
          "result": null
        }
      },
      "last_score_ts": 1772925589.5289276
    },
    "W1": {
      "local": {
        "V": {
          "x": [
            4.92,
            4.92
          ],
          "x_try": [
            6.0,
            6.0
          ],
          "score": [
            5.760000000000002,
            5.760000000000002
          ],
          "score_try": [
            999999.0,
            999999.0
          ],
          "g": [
            4.800000000000001,
            4.800000000000001
          ]
        },
        "S": {
          "minscore": 999999.0,
          "seed": 0.0
        },
        "MEM": {}
      },
      "nodes": {
        "W1:init": {
          "status": "DONE",
          "result": {
            "value": {
              "result": "OK"
            }
          }
        },
        "W1:step": {
          "status": "DONE",
          "result": {
            "value": {
              "result": "OK"
            }
          }
        },
        "W1:score": {
          "status": "PENDING",
          "result": null
        }
      },
      "last_score_ts": 1772925570.2328756
    },
    "W2": {
      "local": {
        "V": {
          "x": [
            4.536,
            4.536
          ],
          "x_try": [
            6.0,
            6.0
          ],
          "score": [
            3.6864,
            3.6864
          ],
          "score_try": [
            999999.0,
            999999.0
          ],
          "g": [
            3.84,
            3.84
          ]
        },
        "S": {
          "minscore": 999999.0,
          "seed": 0.0
        },
        "MEM": {}
      },
      "nodes": {
        "W2:init": {
          "status": "DONE",
          "result": {
            "value": {
              "result": "OK"
            }
          }
        },
        "W2:step": {
          "status": "DONE",
          "result": {
            "value": {
              "result": "OK"
            }
          }
        },
        "W2:score": {
          "status": "PENDING",
          "result": null
        }
      },
      "last_score_ts": 1772925570.3512695
    },
    "W3": {
      "local": {
        "V": {
          "x": [
            3.000000000000001,
            3.000000000000001
          ],
          "x_try": [
            6.0,
            6.0
          ],
          "score": [
            7.888609052210118e-31,
            7.888609052210118e-31
          ],
          "score_try": [
            999999.0,
            999999.0
          ],