{
  "warp": "W0",
  "tag": "STOP",
  "global_step": 1000,
  "local": {
    "V": {
      "x": [
        3.000000000000001,
        3.000000000000001
      ],
      "x_try": [
        6.0,
        6.0
      ],
      "score": [
        7.888609052210118e-31,
        7.888609052210118e-31
      ],
      "score_try": [
        999999.0,
        999999.0
      ],
      "g": [
        1.7763568394002505e-15,
        1.7763568394002505e-15
      ]
    },
    "S": {
      "minscore": 999999.0,
      "seed": 0.0
    },
    "MEM": {}
  },
  "_ts": 1772925589.5945125
}